source,translation
Kaom's Primacy,カオムの優越
Redbeak,レッドビーク
Stone of Lazhwar,ラズワールの石
Blackheart,ブラックハート
Kaom's Sign,カオムの印
Ungil's Coil,アンギルのコイル
Andvarius,アンドヴァリアス
Lioneye's Glare,ライオンアイの睥睨
Demigod's Presence,半神の存在
Voll's Protector,ヴォールの保護具
Divinarius,ディヴィナリアス
Silverbranch,シルバーブランチ
Ephemeral Edge,儚い刃
Malachai's Simula,マラカイのシミュラ
Ezomyte Peak,エゾマイトピーク
Death's Harp,死の竪琴
The Searing Touch,焼けつく手触り
Hrimnor's Hymn,フリムノーの聖歌
Geofri's Baptism,ジェフリの洗礼
Rigvald's Charge,リグワルドの突撃
Shiversting,シヴァースティング
Doedre's Damning,ドードゥリの糾弾
Replica Doedre's Damning,ドードゥリの非難 (レプリカ )
Dream Fragments,夢の断片
Blackgleam,ブラックグリーム
Broadstroke,ブロードストローク
Sidhebreath,シブレス
Karui Ward,カルイの守り
Replica Karui Ward,カルイの守り (レプリカ )
Eye of Chayula,チャユラの目
Hyrri's Ire,ハイリの怒り
The Auspex,アウスペックス
Kaom's Heart,カオムの心臓
Replica Kaom's Heart,カオムの心臓 (レプリカ )
Fairgraves' Tricorne,フェアグレーヴズの三角帽子
Heatshiver,ヒートシヴァー
Crown of Thorns,茨の冠
Asenath's Mark,アセナスの標的
Chitus' Apex,チタスの頂
Hrimnor's Resolve,フリムノーの決意
The Peregrine,放浪者
Honourhome,オナーホーム
Geofri's Crest,ジェフリの紋章
Araku Tiki,アラク・ティキ
Wondertrap,ワンダートラップ
Mightflay,マイトフレイ
Lioneye's Paws,ライオンアイの足
Replica Lioneye's Paws,ライオンアイの足 (レプリカ )
Wake of Destruction,破滅の軌跡
Wanderlust,ワンダーラスト
Shavronne's Pace,シャヴロンの歩調
Sundance,サンダンス
Windscream,ウィンドスクリーム
Hrimsorrow,フリムサロー
Maligaro's Virtuosity,マリガロの妙技
Slitherpinch,スリザーピンチ
Aurseize,オアシーズ
Sadima's Touch,サディマの接触
Doedre's Tenure,ドードゥリの才能
Ondar's Clasp,オンダーの握り
Lochtonial Caress,ロクトニアルの愛撫
The Ignomon,イグノモン
Astramentis,アストラメンティス
Wurm's Molt,ワームの脱皮
The Magnate,マグネート
Perandus Blazon,ペランダスの誇示
Meginord's Girdle,メギノルドのベルト
Daresso's Courage,ダレッソの勇気
Rathpith Globe,ラスピスの球体
Kaltenhalt,カルテンハルト
Crest of Perandus,ペランダスの紋章
Lioneye's Remorse,ライオンアイの後悔
Reaper's Pursuit,死神の追跡
Terminus Est,ターミナス・エスト
Tipua Kaikohuru,ティプア・カイコーフル
Ambu's Charge,アンブーの突撃
Replica Ambu's Charge,アンブーの突撃 (レプリカ )
Saffell's Frame,サフェルのフレーム
Rime Gaze,ライムの眼差し
Moonsorrow,ムーンソロウ
Vaults of Atziri,アッツィリの宝物庫
Prism Guardian,プリズム・ガーディアン
Springleaf,スプリングリーフ
Marohi Erqi,マロヒ・エルキ
Carnage Heart,カーネイジ・ハート
Deshret's Vise,デシュレットの万力
Meginord's Vise,メギノルドの万力
Facebreaker,フェイスブレーカー
Sin Trek,シン・トレック
Devoto's Devotion,デヴォートの情熱
Ungil's Gauche,アンギルのゴーシュ
Replica Ungil's Gauche,アンギルのゴーシュ (レプリカ )
Goldwyrm,ゴールドワーム
Bones of Ullr,ウルルの骨
Replica Bones of Ullr,ウルルの骨 (レプリカ )
Brightbeak,ブライトビーク
Shavronne's Wrappings,シャヴロンの覆い
Quill Rain,針の雨
Replica Quill Rain,針の雨 (レプリカ )
Darkscorn,ダークスコーン
Limbsplit,リムスプリット
Voidhome,ヴォイドホーム
Midnight Bargain,真夜中の取引
Replica Midnight Bargain,真夜中の取引 (レプリカ )
Chin Sol,チン・ソル
Ondar's Flight,ヴィクタリオの疾走
Bramblejack,ブランブルジャック
Dewath's Hide,デワスの皮
Ashrend,アッシュレンド
Cloak of Flame,炎のクローク
Infractem,インフラクテム
Replica Infractem,インフラクテム (レプリカ )
Essentia Sanguis,エッセンシア・サングイス
Titucus Span,テトゥーカスの全長
Titucius' Span,テトゥーシャスの全長
Foxshade,フォックスシェード
Taryn's Shiver,テアレンの震え
Goldrim,ゴールドリム
Aegis Aurora,イージス・オーロラ
The Supreme Truth,至高の真実
The Covenant,コヴナント
Infernal Mantle,地獄の外套
Mortem Morsu,モルテム・モルス
Queen's Decree,女王の法令
Atziri's Mirror,アッツィリの鏡
The Blood Reaper,血の死神
Storm Cloud,嵐の雲
Demigod's Triumph,半神の勝利
Matua Tupuna,マトゥア・トゥプーナ
Heartbreaker,ハートブレーカー
Replica Heartbreaker,ハートブレーカー (レプリカ )
Maelström of Chaos,混沌の渦
Carcass Jack,カーカス・ジャック
Le Heup of All,皆を繋ぐもの
Chernobog's Pillar,チェルノボグの柱
Nightfall,ナイトフォール
The Coward's Trial,臆病者の試練
Nycta's Lantern,ニクタの灯篭
Acton's Nightmare,アクトンの悪夢
Starkonja's Head,スターコンジャの頭
Bloodseeker,ブラッドシーカー
Chober Chaber,チョーバー・チェバー
Alpha's Howl,アルファの遠吠え
Replica Alpha's Howl,アルファの遠吠え (レプリカ )
Rise of the Phoenix,フェニックスの復活
Thousand Ribbons,千本のリボン
Bronn's Lithe,ブロンの柔軟さ
Rainbowstride,レインボーストライド
Tabula Rasa,タビュラ・ラサ
Darkray Vectors,ダークレイ・ベクトル
Pillar of the Caged God,囚われた神の柱
Icetomb,アイストゥーム
Soul Mantle,魂の外套
Wurmfist,ワームフィスト
Asenath's Gentle Touch,アセナスの優しい接触
Kalisa's Grace,カリサの優美さ
Replica Kalisa's Grace,カリサの優美さ (レプリカ )
Arimagius' Honor,アリメジウスの名誉
Hellbringer,ヘルブリンガー
Thunderfist,サンダーフィスト
Deadman's Hand,デッドマンズ・ハンド
Rat's Nest,鼠の巣
Vizaru's Folly,ヴィザルの愚かさ
Ylfe Ban,イルフ・バン
Abyssus,アビサス
Replica Abyssus,アビサス (レプリカ )
Aurumvorax,アルムヴォラックス
Thief's Torment,泥棒の苦悩
Poorjoy's Asylum,プアジョイの収容所
Replica Poorjoy's Asylum,プアジョイの収容所 (レプリカ )
Deidbell,ディードベル
Last Resort,最後の手段
Replica Last Resort,最後の手段 (レプリカ )
Leviathan Ivory,レヴィアタンの象牙
Al Dhih,アル・ディ
Ungils's Coil,アンギルのコイル
Atziri's Foible,アッツィリの欠点
Replica Atziri's Foible,アッツィリの欠点 (レプリカ )
Lori's Lantern,ローリのランタン
The Bringer of Rain,雨をもたらすもの
NameGoesHere,名前入力場所
Zahndethus' Cassock,ザンデタスのキャソック
Lightbane Raiment,ライトベーンの衣服
Void Battery,ヴォイド・バッテリー
Rebuke of the Vaal,ヴァールの譴責
Rory's Revengance,ロリーの報復
Mark2's Mastery,マーク2のマスタリー
Robbie's Rotten Mace,ロビーの腐ったメイス
Carl's Crusher,カールのクラッシャー
DrTestapus' Charm,ドクター・テスタプスのお守り
Convent of the Twins' Flame,双子の炎の修道院
Mao Kun,マオ・クン
The Rathorn,ラソーン
Wareclast Pantheon,レイクラスト・パンテオン
Sibyl's Lament,シビュラの悲しみ
Oba's Cursed Trove,オバの呪われた埋蔵品
Soul Taker,ソウル・テーカー
Replica Soul Taker,ソウル・テーカー (レプリカ )
Olmec's Sanctum,オルメカの聖所
Untainted Paradise,汚れなき楽園
Daresso's Salute,ダレッソの敬礼
Voll's Devotion,ヴォールの献身
Victario's Acuity,ヴィクタリオの鋭敏さ
Gifts from Above,天の恩恵
Death Rush,死の激発
Shavronne's Revelation,シャヴロンの啓示
Auxium,アーグジアム
BlackGuardz,ブラックガーズ
The Blood Dance,血の踊り
Kongor's Undying Rage,コンゴーの尽きぬ怒り
Replica Kongor's Undying Rage,コンゴーの尽きぬ怒り (レプリカ )
The Goddess Scorned,軽蔑された女神
The Anvil,鉄床
Mon'tregul's Grasp,モントレグールの掴み
Perandus Signet,ペランダスの認印
Pyre,パイア
Divination Distillate,占いの蒸留酒
Queen of the Forest,森の女王
Crown of Eyes,目の王冠
Demigod's Stride,半神の進歩
Windripper,ウィンドリッパー
Replica Windripper,ウィンドリッパー (レプリカ )
Death's Oath,死の誓約
Voidbringer,ヴォイドブリンガー
The Goddess Bound,縛られた女神
Belly of the Beast,魔獣の腹
Mindspiral,マインドスパイラル
Leer Cast,リアー・キャスト
Replica Leer Cast,リアー・キャスト (レプリカ )
Seven-League Step,セブンリーグ・ステップ
Dusktoe,ダスクトー
Battlehaste,バトルヘイスト
Wideswing,ワイドスウィング
Quecholli,ケチョーリ
Mordhau,モルダウ
Maligaro's Etcher,マリガロのエッチャー
Felltooth,フェルトゥース
Galla's Riposte,ガーラの突き返し
Pagan Geis,異教徒・ゲシュ
Stillwater,スティルウォーター
Wings of Entropy,エントロピーの翼
Replica Wings of Entropy,エントロピーの翼 (レプリカ )
Voltaxic Rift,ボルタキシック・リフト
Doedre's Elixir,ドードゥリの秘薬
Marylene's Fallacy,マリリンの誤信
Mana Sponge,マナ・スポンジ
Briskwrap,ブリスクラップ
Oro's Sacrifice,オロの生贄
Replica Oro's Sacrifice,オロの生贄 (レプリカ )
Cybil's Paw,シビルの前足
Prismatic Eclipse,プリズマティック・エクリプス
Daresso's Defiance,ダレッソの反抗
Santoni's Faith,サントーニの信仰
Ming's Heart,ミンの心臓
Lightning Coil,ライトニング・コイル
Romira's Banquet,ロミーラの祝宴
Dyadus,ダイヤダス
Sunblast,サンブラスト
Deerstalker,ディアーストーカー
Berek's Pass,ベレクの山道
Berek's Grip,ベレクの握り
Berek's Respite,ベレクの休息
The Taming,テイミング
Blood of the Warrior,戦士の血
Opportunity,好機
Lavianga's Spirits,ラヴィアンガの心
Uhtred's Chalice,ウートレドの杯
Replica Lavianga's Spirit,ラヴィアンガの心 (レプリカ )
The Gull,カモメ
Headhunter,ヘッドハンター
Replica Headhunter,ヘッドハンター (レプリカ )
Cloak of Defiance,反抗のクローク
Immortal Flesh,不死の肉
Fragment of Eternity,永遠の断片
Splinter of the Moon,月の欠片
Remnant of Empires,帝国の名残
Rust of Winter,冬の錆
Ashes of the Sun,太陽の灰殻
Thunder of the Dawn,夜明けの雷
Vestige of Divinity,神性の痕跡
Relic of the Cycle,循環の遺物
Tear of Entropy,エントロピーの涙
Chains of Time,時の鎖
Doon Cuebiyari,ドゥーン・キュビヤーリ
Lifesprig,ライフスプリッグ
Demigod's Touch,半神の接触
Ghostmarch,ゴーストマーチ
Death and Taxes,死と税金
Cagan's Map,ケイガンのマップ
Solaris Lorica,ソラリス・ロリカ
Chalice of Horrors,恐怖の杯
Death Rattle,デス・ラトル
Wheel of the Stormsail,ストームセールの舵輪
Ironweld,アイアンウェルド
Celestial Fragment,天体の断片
The Screaming Eagle,泣き叫ぶ鷲
Boreal Shepherd,北風の羊飼い
Bartek's Finger,バーテックの指
Stormblast,ストームブラスト
Fencoil,フェンコイル
Replica Fencoil,フェンコイル (レプリカ )
Bino's Kitchen Knife,ビノの包丁
Veil of the Night,夜の帳
Replica Veil of the Night,夜の帳 (レプリカ )
Song of the Sirens,セイレーンの歌
The Three Dragons,三頭のドラゴン
Shackles of the Wretched,哀れな者の手枷
Mjölner,ミョルナー
Dying Breath,断末魔
Snakebite,スネークバイト
Alberon's Warpath,アルベロンのウォーパス
Replica Alberon's Warpath,アルベロンのウォーパス (レプリカ )
Skullhead,スカルヘッド
Voideye,ヴォイドアイ
Replica Voideye,ヴォイドアイ (レプリカ )
Vaal Caress,ヴァールの愛撫
Drillneck,ドリルネック
Rearguard,リアガード
Pledge of Hands,手の誓約
Atziri's Step,アッツィリの歩み
Doryani's Invitation,ドリヤニの招待状
Atziri's Promise,アッツィリの約束
Atziri's Acuity,アッツィリの鋭敏さ
Replica Atziri's Acuity,アッツィリの鋭敏さ (レプリカ )
Atziri's Splendour,アッツィリの栄華
The Vertex,バーテックス
Atziri's Disfavour,アッツィリの嫌悪
Vis Mortis,ヴィズ・モーティス
Doryani's Catalyst,ドリヤニの触媒
Piscator's Vigil,ピスカトールの通夜
Demigod's Bounty,半神の賞品
DO NOT USE,使用禁止
Asphyxia's Wrath,アスフィクシアの憤怒
Incandescent Heart,光り輝く心
Hyrri's Bite,ハイリの噛みつき
Doomfletch,ドゥームフレッチ
Hyaon's Fury,ヒャオンの憤激
Perandus Bank,ペランダスの貯金箱
Kaom's Cache,カオムの貯蔵物
Empyrean Apparatus,天空の装置
Kaom's Roots,カオムの根
Fidelitas' Spike,フィデライタスのスパイク
Soul Strike,ソウル・ストライク
Replica Soul Strike,ソウル・ストライク (レプリカ )
Forbidden Taste,禁じられた味
Hegemony's Era,ヘゲモニーの時代
Scar of Fate,運命の傷跡
Blood of Summer,夏の血
Whakawairua Tuahu,ファカワイルア・トゥアーフ
Jaws of Agony,苦痛をもたらす顎
Thousand Teeth Temu,千の歯を持つテム
Fairgraves' Bearing,フェアグレーヴズの挙動
Mokou's Embrace,モコウの抱擁
Mark of the Doubting Knight,疑う騎士の紋章
Rumi's Concoction,ルミの調合薬
Replica Rumi's Concoction,ルミの調合薬 (レプリカ )
Dreamfeather,ドリームフェザー
Replica Dreamfeather,ドリームフェザー (レプリカ )
Gang's Momentum,ギャングの勢い
Nomic's Storm,ノーミクの嵐
Cherrubim's Maleficence,チェルビムの悪行
Apep's Rage,アペプの怒り
"Jack, The Axe",斧のジャック
Null and Void,空と虚
Flesh and Spirit,肉体と精神
Shadows and Dust,影と埃
The Harvest,ハーベスト
Replica Harvest,ハーベスト (レプリカ )
Edge of Madness,狂気の刃
The Dark Seer,闇を見るもの
Craghead,クラッグヘッド
Hall of Grandmasters,グランドマスターの殿堂
Malachai's Artifice,マラカイの術策
Replica Malachai's Artifice,マラカイの術策 (レプリカ )
Sentari's Answer,センタリの答え
Doomsower,ドゥームサワー
Great Old One's Ward,グレート・オールド・ワンの守り
Oba's Prized Cache,オバの秘蔵の貯蔵物
Oba's Riches,オバの宝物
Oba's Glittering Stash,オバの輝く隠匿物
Demigod's Eye,半神の目
Agnerod,アグネロッド
Agnerod East,アグネロッド 東
Talisman of the Victor,勝者の護符
The Blood Thorn,血の棘
Replica Blood Thorn,血の棘 (レプリカ )
Agnerod North,アグネロッド 北
Prismweave,プリズムウィーヴ
Replica Prismweave,プリズムウィーヴ (レプリカ )
Bated Breath,殺した息
Replica Bated Breath,殺した息 (レプリカ )
Kikazaru,キカザル
Reverberation Rod,反響の杖
Ungil's Harmony,アンギルの調和
Maligaro's Lens,マリガロのレンズ
Maligaro's Restraint,マリガロの拘束
The Broken Crown,壊れた王冠
Maloney's Nightfall,マローニーの夕暮れ
Surgebinders,サージバインダー
Belt of the Deceiver,騙す者のベルト
Timeclasp,タイムクラスプ
Bloodboil,ブラッドボイル
Null's Inclination,ヌルの意向
Rashkaldor's Patience,ラシュカルドールの忍耐力
Valako's Sign,ヴァラコの印
Tasalio’s Sign,タサリオの印
Replica Tasalio’s Sign,タサリオの印 (レプリカ )
Ngamahu’s Sign,ナマフの印
The Rat Cage,鼠の檻
Scold's Bridle,叱責の手綱
Brutus' Lead Sprinkler,ブルータスの鉛のスプリンクラー
Taste of Hate,憎しみの味
Greed's Embrace,貪欲の抱擁
Warped Timepiece,歪んだ砂時計
Doedre's Scorn,ドードゥリの軽蔑
Black Sun Crest,黒い太陽の紋章
Agnerod South,アグネロッド 南
Southbound,サウスバウンド
Grandmaster's Gemcutting Cache,グランドマスターの宝石貯蔵物
Grandmaster's Arcanist Cache,グランドマスターのアルカニストの貯蔵物
Grandmaster's Cartography Cache,グランドマスターの地図製作貯蔵物
Grandmaster's Ornate Cache,グランドマスターの華美な貯蔵物
Grandmaster's Treasury,グランドマスターの宝庫
Grandmaster's Trove,グランドマスターの財宝
Grandmaster's Corrupted Cache,グランドマスターの穢れた貯蔵物
Grandmaster's Large Cache,グランドマスターの大きな貯蔵物
Ventor's Gamble,ヴェンターのギャンブル
Heartbound Loop,ハートバウンド・ループ
Dyadian Dawn,ダイヤディアンの黎明
Sire of Shards,欠片の主権
Strange Barrel,不思議な樽
Victario's Influence,ヴィクタリオの影響力
The Consuming Dark,喰いつくす闇
Shaper's Seed,シェイパーの種
Tremor Rod,震えの杖
Relentless Fury,収まらぬ憤激
Cameria's Maul,カミリアの大槌
Kitoko's Current,キトコの流れ
Callinellus Malleus,カリネラス・マレウス
Death's Hand,死の手
The GoddessUnleashed,解放された女神
Ichimonji,イチモンジ
Empire's Grasp,帝国の掴み
The Restless Ward,休まぬ守り
Replica Restless Ward,休まぬ守り (レプリカ )
Lion's Roar,獅子の咆哮
Ornament of the East,東の飾り
The Whispering Ice,囁く氷
Tear of Purity,浄化の涙
Blood of Corruption,穢れの血
Lioneye's Vision,ライオンアイの未来像
Repentance,悔恨
Twyzel,トウィズル
Replica Twyzel,トウィズル (レプリカ )
Kingmaker,キングメーカー
Army of Bones,塵へ
Band of the Victor,勝者の環
Eldritch Knowledge,不可思議な知識
Inspired Learning,触発された学習
Martial Artistry,武術
Lioneye's Fall,ライオンアイの敗北
Intuitive Leap,直感的跳躍
Selfless Leadership,私心なき指導者
Survival Skills,サバイバルの技術
Survival Instincts,サバイバルの本能
Survival Secrets,サバイバルの秘密
Fertile Mind,肥沃な精神
Fluid Motion,滑らかな動き
Cannibalistic Habits,共食いの習慣
Spire of Stone,石の尖塔
Apparitions,幻影
Mantra of Flames,炎のマントラ
Bulwark Legion,補強された軍団
Vampire's Might,ヴァンパイアの力
Hotfooted,燃え上がる怒り
Replica Hotheaded,短気 (レプリカ )
Combustibles,可燃物
Weight of Sin,罪の重み
Fevered Mind,熱を持った心
The Naming Temporary,一時的名前
Fragile Bloom,儚い開花
Replica Fragile Bloom,儚い開花 (レプリカ )
Hidden Potential,隠された潜在能力
Rain of Splinters,欠片の雨
Malicious Intent,悪意のある意思
Brawn,筋力
Clear Mind,明晰な頭脳
Specialised,スペシャライズド
Miser of Misery,苦渋の収集
Efficient Training,能率的な訓練
Brute Force Solution,腕力を使った解決策
Inertia,慣性
Careful Planning,細心な計画
Sacrificial Harvest,生贄の収獲
Atziri's Reign,アッツィリの君臨
Vaal Sentencing,ヴァールの量刑
Poacher's Aim,ポーチャーのエイム
Warlord's Reach,ウォーロードのリーチ
Assassin's Haste,アサシンのヘイスト
Conqueror's Efficiency,征服者の能率
Replica Conqueror's Efficiency,征服者の能率 (レプリカ )
Conqueror's Potency,征服者の力
Conqueror's Longevity,征服者の長命
Ancient Waystones,古代の標石
Chill of Corruption,堕落の冷却
Mutated Growth,変異した成長
Hungry Abyss,空腹の深淵
Zerphi's Youth,ゼルフィの若さ
Corrupted Energy,堕落したエネルギー
Self-Flagellation,自己鞭打ち
Blood Sacrifice,血の生贄
Replica Blood Sacrifice,血の生贄 (レプリカ )
Brittle Barrier,脆い障壁
Pacifism,平和主義
Fragility,虚弱
Powerlessness,無力
Call of the Brotherhood,兄弟の証
Pugilist,ピュージリスト
Cold Steel,冷たい鋼
Fireborn,ファイヤーボーン
Energised Armour,エナジーが注入されたアーマー
Energy From Within,体内からのエナジー
Anatomical Knowledge,解剖の知識
Static Electricity,静電気
Healthy Mind,健全な精神
Might in All Forms,あらゆる形の力
Kingsguard,キングスガード
Goredrill,ゴアドリル
Bloodplay,ブラッドプレイ
Replica Bloodplay,ブラッドプレイ (レプリカ )
Abberath's Horn,アバラスの角
Realmshaper,レルムシェイパー
Wildslash,ワイルドスラッシュ
The Deep One's Hide,深き者の皮
Dreadarc,ドレッドアーク
Moonbender's Wing,ムーンベンダーの翼
The Princess,プリンセス
Lakishu's Blade,ラキーシュの刃
Gorebreaker,ゴアブレーカー
Lavianga's Wisdom,ラヴィアンガの知恵
Flesh-Eater,フレッシュ・イーター
The Stormheart,ストームハート
Brinerot Mark,ブラインロットの紋章
Redblade Band,レッドブレードの環
Mutewind Seal,ミュートウィンドの印章
Brinerot Flag,ブラインロットの旗
Redblade Banner,レッドブレードの紋章旗
Mutewind Pennant,ミュートウィンドの小旗
Demigod's Beacon,半神ののろし
Brinerot Whalers,ブラインロット・ウェーラーズ
Mutewind Whispersteps,ミュートウィンド・ウィスパーステップス
Redblade Tramplers,レッドブレード・トランプラーズ
Trolltimber Spire,トロールティンバーの尖塔
Jorrhast's Blacksteel,ジョルハストのブラックスティール
Crown of the Pale King,ペールキングの王冠
Ylfeban's Trickery,イルフバンのいたずら
Emberwake,エンバーウェーク
Replica Emberwake,エンバーウェーク (レプリカ )
Slivers of Providence,摂理の破片
Allure,魅惑
Replica Allure,魅惑 (レプリカ )
Steppan Eard,ステパン・アード
Broken Faith,壊れた信仰
The Pariah,パーリア
Coruscating Elixir,輝く秘薬
The Aylardex,エラーデックス
Shattered Chains,砕けた鎖
Weight of the Empire,帝国の重み
Pitch Darkness,真っ暗闇
Steel Spirit,鋼の精神
Growing Agony,増していく苦痛
Agnerod West,アグネロッド 西
The Vinktar Square,ヴィンクターの広場
Feastbind,フィーストバインド
Faminebind,ファミンバインド
The Retch,レッチ
Bloodgrip,ブラッドグリップ
Hezmana's Bloodlust,ヘズマナの殺気
Vessel of Vinktar,ヴィンクターの器
Kongming's Stratagem,孔明の軍略
Skyforth,スカイフォース
Reckless Defence,無謀な防御
Replica Reckless Defence,無謀な防御 (レプリカ )
Roth's Reach,ロスの射程
Winds of Change,変化をもたらす風
Rotgut,ロットガット
The Vigil,ヴィジル
Rolling Flames,波打つ炎
Winter's Bounty,冬の賜物
Spirited Response,勇ましい反響
Femurs of the Saints,聖者の大腿骨
Cannot Die,死ぬことができない
Elemental Weapon,元素の武器
Attribute Override,能力値必要条件無効化
Ailment Durations,状態異常持続時間
De-Playerification,プレイヤーではなくなる
Obliteration,消滅
Wyrmsign,ワームサイン
Spine of the First Claimant,最初の挑戦者の脊柱
Izaro's Turmoil,イザロの混乱
Chitus' Needle,チタスの針
Izaro's Dilemma,イザロのジレンマ
Extractor Mentis,エクストラクター・メンティス
The Dancing Dervish,ダルヴィーシュの舞
Dead Reckoning,腐物の凄惨
Rapid Expansion,迅速な拡大
Volley Fire,一斉射撃
Spirit Guards,精霊の衛兵
Iron Commander,鉄の司令官
Replica Iron Commander,鉄の司令官 (レプリカ )
Storm Prison,嵐の監獄
Eclipse Solaris,エクリプス・ソラリス
Disjunction,分離
Singularity,シンギュラリティ
Bitterdream,ビタードリーム
Replica Bitterdream,ビタードリーム (レプリカ )
Soulthirst,ソウルサースト
Night's Hold,夜の掌握
Essence Worm,エッセンス・ワーム
Star of Wraeclast,レイクラストの星
Blightwell,ブライトウェル
Natural Hierarchy,自然の階層
Rigwald's Curse,リグワルドの呪い
Eyes of the Greatwolf,大狼の目
Rigwald's Crest,リグワルドの紋章
Rigwald's Savagery,リグワルドの蛮行
Rigwald's Command,リグワルドの命令
Rigwald's Quills,リグワルドの針
"Caer Blaidd, Wolfpack's Den",カーイルブライズ・群狼の巣
Winterheart,ウィンターハート
Replica Winterheart,ウィンターハート (レプリカ )
Demigod's Dominance,半神の優越
The Writhing Jar,悶える瓶
Malachai's Loop,マラカイのループ
Ngamahu's Flame,ナマフの炎
WIP Stone Flask,WIP石のフラスコ
Borrowed Power,借り物の力
Umbilicus Immortalis,不滅の臍帯
Frost Unbroken,砕けない霜
Advancing Fortress,前進する要塞
Replica Advancing Fortress,前進する要塞 (レプリカ )
Xirgil's Crank,ザーギルのクランク
Deshret's Storm,デシュレットの嵐
Ashes of the Condemned,宣告された者の灰
Mutewind Cache,ミュートウィンドの貯蔵物
Redblade Cache,レッドブレードの貯蔵物
Brinerot Cache,ブラインロットの貯蔵物
Renegades Cache,レネゲードの貯蔵物
Trypanon,トライペーノン
Replica Trypanon,トライペーノン (レプリカ )
Widowmaker,ウィドウメイカー
Clayshaper,クレーシェイパー
Frostbreath,フロストブレス
Replica Frostbreath,フロストブレス (レプリカ )
The Tempestuous Steel,嵐の鋼
Replica Tempestuous Steel,嵐の鋼 (レプリカ )
Daresso's Passion,ダレッソの熱情
Ashcaller,アッシュコーラー
Liminal Coil,リミナルコイル
Runeseeker's Call,ルーンシーカーの呼び声
Reefbane,リーフベーン
The Sorrow of the Divine,神の嘆き
Replica Sorrow of the Divine,神の嘆き (レプリカ )
Geofri's Sanctuary,ジェフリの聖所
Axiom Perpetuum,アクシオム・パーペチュアム
Varunastra,ヴァルナストラ
Viper's Scales,ヴァイパーの鱗
Abberath's Hooves,アバラスの蹄
The Beast Fur Shawl,野獣の毛皮の肩掛け
Zerphi's Last Breath,ゼルフィの最期
The Overflowing Chalice,満ち溢れている杯
Rive,引き裂き
Cheap Construction,安い構造
Replica Cheap Construction,安い構造 (レプリカ )
Glitterdisc,グリターディスク
Hair Trigger,ヘアトリガー
Nuro's Harp,ヌーロの竪琴
Coated Shrapnel,コーティングされた榴散弾
Unstable Payload,不安定なペイロード
Replica Unstable Payload,不安定なペイロード (レプリカ )
Heretic's Veil,異教徒のベール
Emperor's Cunning,皇帝の悪知恵
Emperor's Wit,皇帝の知恵
Emperor's Might,皇帝の力
Emperor's Mastery,皇帝の制御
Victario's Charity,ヴィクタリオの慈善
Replica Victario's Charity,ヴィクタリオの慈善 (レプリカ )
The Perandus Manor,ペランダスの邸宅
Innsbury Edge,インズブリーの刃
Replica Innsbury Edge,インズブリーの刃 (レプリカ )
Duskwing,ダスクウィング
Bloodletter,ブラッドレター
Three-step Assault,スリーステップアサルト
Replica Three-step Assault,スリーステップアサルト (レプリカ )
The Rack,ラック
Cloak of Tawm'r Isley,ターマル・アイズレーのクローク
Grand Spectrum,グランド・スペクトラム
Ascent From Flesh,肉体からの解放
Mind of the Council,評議会の精神
Hinekora's Sight,ヒネコラの視界
Eventide Petals,夕闇の花びら
Immaculate Adherence,無垢なる忠誠
Kitava's Thirst,キタヴァの渇望
Scaeva,スケーヴァ
Saemus' Gift,シェイマスの贈り物
Veruso’s Battering Rams,ヴェルーソの破城槌
Kintsugi,キンツギ
Rumblemarch,ランブルマーチ
Underdog's Fury,負け犬の憤激
Touch of Anguish,苦悩の接触
Spiritskin,スピリットスキン
Hiltless,柄無し
Ewar's Mirage,イーワーの幻影
Lycosidae,コモリグモ
Voll's Vision,ヴォールの未来像
Malachai's Vision,マラカイの未来像
Karui Charge,カルイの突撃
Wall of Brambles,ブランブルの壁
Shavronne's Gambit,シャヴロンの策略
Death's Opus,死の楽曲
Cospri's Will,コスプリの意志
Forgotten Warden,忘れられし看守
The Ascetic,苦行者
Skirmish,小競り合い
The Learning Stone,学習の石
Grip of the Council,評議会の支配
Replica Grip of the Council,評議会の支配 (レプリカ )
Kiara's Determination,キアラの決心
Tinkerskin,ティンカースキン
Death's Door,死の扉
Reach of the Council,評議会の射程
Breath of the Council,評議会の息
Voidheart,ヴォイドハート
Cragfall,クラグフォール
The Signal Fire,狼煙
Ngamahu Tiki,ナマフ・ティキ
Hrimburn,フリムバーン
Martyr's Crown,殉教者の冠
Ezomyte Hold,エゾマイトの掌握
Deidbellow,ディードベロー
Thirst for Horrors,恐怖の渇望
The Oak,オーク
Kaltensoul,カルテンソウル
The Gryphon,グリフォン
The Cauteriser,コーテライザー
Doomfletch's Prism,ドゥームフレッチのプリズム
Silverbough,シルバーバゥ
The Tempest,暴風雨
Hrimnor's Dirge,フリムノーの悲歌
Amplification Rod,拡大の杖
Realm Ender,レルムエンダー
Queen's Escape,女王の逃亡
The Plaguemaw's Offering,プレイグモーの捧げ物
Kaom's Way,カオムの道
Praxis,プラクシス
Kondo's Pride,コンドウの誇り
Valyrium,ヴァリリウム
The Brass Dome,真鍮のドーム
Brain Rattler,脳揺らし
Razor of the Seventh Sun,七番目の太陽の刃
Eye of Innocence,イノセンスの目
Slivertongue,スリヴァータン
Obscurantis,オブスキュランティス
Snakepit,スネークピット
The Scourge,スカージ
Cospri's Malice,コスプリの悪意
Starforge,スターフォージ
Unending Hunger,終わらぬ飢え
Voidwalker,ヴォイドウォーカー
Replica Voidwalker,ヴォイドウォーカー (レプリカ )
Shaper's Touch,シェイパーの接触
The Master's Reach,達人の間合い
The Warden's Brand,刑務所長の焼き印
Witchfire Brew,ウィッチファイヤーの醸造
Dying Sun,死にゆく太陽
The Putrid Cloister,邪悪な学園
Atziri's Vessel,アッツィリの器
Hallowed Ground,聖地
Breach Box,ブリーチの箱
Primordial Harmony,原初の調和
Primordial Might,原初の力
Replica Primordial Might,原初の力 (レプリカ )
Primordial Eminence,原初の卓越
The Anima Stone,魂の石
The Coming Calamity,迫り来る災難
Bisco's Collar,ビスコの首輪
Inpulsa's Broken Heart,インパルサの壊れた心
Xoph's Nurture,ゾフの育み
Xoph's Inception,ゾフの発端
The Formless Flame,形なき炎
The Formless Inferno,形なき大火
Xoph's Heart,ゾフの心臓
Xoph's Blood,ゾフの血
Tulborn,トゥルボーン
Tulfall,トゥルフォール
Replica Tulfall,トゥルフォール (レプリカ )
The Snowblind Grace,スノーブラインドの優美
The Perfect Form,完璧な姿
Replica Perfect Form,完璧な姿 (レプリカ )
The Halcyon,ハルシオン
The Pandemonius,パンデモニアス
Hand of Thought and Motion,思考と動作の手
Hand of Wisdom and Action,知恵と行動の手
Esh's Mirror,エシュの鏡
Esh's Visage,エシュの容貌
Voice of the Storm,嵐の声
Choir of the Storm,嵐の合唱
The Infinite Pursuit,無限の追跡
The Red Trail,赤い足跡
Replica Red Trail,赤い足跡 (レプリカ )
Uul-Netol's Kiss,ウール・ネトルの口づけ
Uul-Netol's Embrace,ウール・ネトルの抱擁
The Anticipation,期待
The Surrender,降参
Severed in Sleep,眠りの中の断裂
United in Dream,夢の中の団結
Skin of the Loyal,忠臣の皮膚
Skin of the Lords,君主の皮膚
The Red Dream,赤い夢
The Red Nightmare,赤い悪夢
The Green Dream,緑の夢
The Green Nightmare,緑の悪夢
The Blue Dream,青い夢
The Blue Nightmare,青い悪夢
Tukohama's Fortress,トゥコハマの要塞
Replica Tukohama's Fortress,トゥコハマの要塞 (レプリカ )
Soul Tether,魂を繋ぐ綱
Replica Soul Tether,魂を繋ぐ綱 (レプリカ )
Angler's Plait,釣り師の編み
Haemophilia,ヘモフィリア
The Baron,男爵
Ahn's Heritage,アンの遺産
Shade of Solaris,ソラリスの日陰
The Maelstrom Cell,渦の監房
The Brine Crown,海水の王冠
Sin's Rebirth,シンの復活
Light of Lunaris,ルナリスの光
Kitava's Feast,キタヴァの祝宴
Duskdawn,ダスクドーン
Replica Duskdawn,ダスクドーン (レプリカ )
Perseverance,忍耐力
Arakaali's Fang,アラカーリの牙
Gruthkul's Pelt,グラスクルの毛皮
Presence of Chayula,チャユラの存在
Weylam's War Chest,ウェイラムの軍資金
Collateral Damage,巻き添え被害
Sudden Ignition,突然の発火
Overwhelming Odds,圧倒的な不利
First Snow,初雪
Omen on the Winds,風に乗った前兆
Wildfire,野火
Fight for Survival,生き残るための戦い
Might and Influence,力と勢力
Frozen Trail,凍った小道
Ring of Blades,刃の輪
Boundless Grasp,果てしない掌握
Inevitability,不可避
Winter Burial,冬の埋葬
Bisco's Leash,ビスコのリード
Spreading Rot,広がる腐敗
Garukhan's Flight,ガルカーンの飛行
Prospero's Vault,プロスペロの金庫
Debeon's Dirge,デビオンの悲歌
The Wise Oak,賢明な大樹
Violent Dead,狂暴な死者
Hazardous Research,危険な研究
Tidebreaker,タイドブレーカー
Martyr of Innocence,イノセンスの殉教者
Bloodbond,ブラッドボンド
Legacy Relic,レガシーの遺物
Timeworn Relic,古びた宝箱
Vaal Relic,ヴァールの宝物庫
Forgotten Relic,忘れ去られた罪悪感
Visceral Relic,内臓の残骸
Shiny Relic,輝く玩具箱
Archive Relic,記録保管箱
Oubliette Relic,微かな残り
Cosmic Relic,父の愛
Decaying Relic,無言の遺産
Voidborn Relic,ヴォイドボーンチェスト
Ryslatha's Coil,リスラーサのコイル
Speaker's Wreath,話し手の花冠
Ahn's Contempt,アンの軽蔑
Ahn's Might,アンの力
Inya's Epiphany,イーニャの閃き
Replica Inya's Epiphany,イーニャの閃き (レプリカ )
Volkuur's Guidance,ヴォルカーの導き
Replica Volkuur's Guidance,ヴォルカーの導き (レプリカ )
Yriel's Fostering,ユリエルの養育
Eber's Unification,エベルの統合
Pact of Skulls,髑髏の契約
Choking Ash,息を詰まらせる灰
Straight and True,真っ直ぐで忠実
Balefire,ベールファイヤー
The Rippling Thoughts,波打つ思考
The Flow Untethered,解放された流れ
The Unshattered Will,砕けぬ意思
First Piece of Focus,一つ目の集中の欠片
Second Piece of Focus,二つ目の集中の欠片
Third Piece of Focus,三つ目の集中の欠片
Fourth Piece of Focus,四つ目の集中の欠片
The Fracturing Spinner,粉砕する紡ぎ手
The Tempest's Binding,暴風雨の束縛
From Dust,塵から
To Dust,塵へ
The Wasp Nest,蜂の巣
Taproot,タップルート
Maligaro's Cruelty,マリガロの冷酷さ
Dendrobate,ヤドクガエル
The Embalmer,エンバーマー
Allelopathy,アレロパシー
Replica Allelopathy,アレロパシー (レプリカ )
The Enmity Divine,神の敵意
First Piece of Arcane,一つ目のアーケインの欠片
Second Piece of Arcane,二つ目のアーケインの欠片
Third Piece of Arcane,三つ目のアーケインの欠片
First Piece of Brutality,一つ目の蛮行の欠片
Second Piece of Brutality,二つ目の蛮行の欠片
Third Piece of Brutality,三つ目の蛮行の欠片
First Piece of Time,一つ目の時間の欠片
Second Piece of Time,二つ目の時間の欠片
First Piece of Directions,一つ目の方向の欠片
Second Piece of Directions,二つ目の方向の欠片
Third Piece of Directions,三つ目の方向の欠片
First Piece of Storms,一つ目の嵐の欠片
Second Piece of Storms,二つ目の嵐の欠片
Third Piece of Storms,三つ目の嵐の欠片
The Beachhead,侵攻拠点
Doedre's Skin,ドードゥリの皮膚
The Twilight Temple,黄昏の寺院
Vix Lunaris,ヴィックス・ルナリス
Invictus Solaris,インビクタス・ソラリス
Doryani's Delusion,ドリヤニの妄想
Doryani's Machinarium,ドリヤニのマシナリウム
Dialla's Malefaction,ディアーラの罪
Malachai's Mark,マラカイの紋章
Book Stand Strongbox,書架ストロングボックス
Pillars of Arun,アルンの柱
Replica Pillars of Arun,アルンの柱 (レプリカ )
Stormcharger,ストームチャージャー
Giantsbane,ジャイアンツベーン
Wraithlord,レイスロード
Cane of Unravelling,解明の杖
Ralakesh's Impatience,ララケシュの短気
The Hungry Loop,餓えた指輪
The Poet's Pen,詩人のペン
Coralito's Signature,コラリートのサイン
The Long Winter,長い冬
Pure Talent,純粋な才能
Replica Pure Talent,純粋な才能 (レプリカ )
Oskarm,オスカーム
Might of the Meek,弱き者の力
Sands of Shakari,シャカーリの砂
The Golden Rule,黄金律
Soul's Wick,魂の芯
Oni-Goroshi,オニゴロシ
Memory Vault,記憶の保管庫
Cyclopean Coil,キュクロープス型のコイル
Magna Eclipsis,マグナ・エクリプシス
Leper's Alms,癩者の施し
Impresence,インプレゼンス
Iron Heart,鉄の心
Bubonic Trail,ビューボニック・トレイル
White Wind,白い風
Arborix,アーボリクス
Yoke of Suffering,苦痛の頸木
Gorgon's Gaze,ゴルゴンの眼差し
Tombfist,トゥームフィスト
Darkness Enthroned,即位した闇
Lightpoacher,ライトポーチャー
Shroud of the Lightless,光なき者の覆い
Replica Shroud of the Lightless,光なき者の覆い (レプリカ )
Watcher's Eye,見つめる者の目
Blasphemer's Grasp,冒涜者の掌握
Nebuloch,ネブロック
Hopeshredder,ホープシュレッダー
Shimmeron,シメロン
Grelwood Shank,グレルウッドの脛
Beltimber Blade,ベルティンバーの刃
Vulconus,ボルコナス
Augyre,アージャイア
Gloomfang,グルームファング
Mark of the Elder,エルダーの紋章
Mark of the Shaper,シェイパーの紋章
Indigon,インディゴン
Disintegrator,ディスインテグレーター
Voidforge,ヴォイドフォージ
Voidfletcher,ヴォイドフレッチャー
Mark of the Red Covenant,赤い契約の紋章
Soulwrest,ソウルレスト
Sinvicta's Mettle,シンヴィクタの根性
Saqawal's Winds,サカワルの風
Saqawal's Nest,サカワルの巣
Saqawal's Talons,サカワルの爪
Saqawal's Flock,サカワルの群れ
Craiceann's Carapace,クレイシアンの甲羅
Craiceann's Chitin,クレイシアンのキチン
Craiceann's Pincers,クレイシアンの鋏
Craiceann's Tracks,クレイシアンの足跡
Farrul's Fur,ファルウルの毛皮
Replica Farrul's Fur,ファルウルの毛皮 (レプリカ )
Farrul's Bite,ファルウルの噛みつき
Farrul's Pounce,ファルウルの飛びつき
Farrul's Chase,ファルウルの狩り
Fenumus' Shroud,フィヌムスの覆い
Fenumus' Toxins,フィヌムスの猛毒
Fenumus' Weave,フィヌムスの巣
Fenumus' Spinnerets,フィヌムスの糸疣
Loreweave,ロアウィーヴ
Replica Loreweave,ロアウィーヴ (レプリカ )
Unyielding Flame,屈さぬ炎
Stormfire,ストームファイヤー
Gluttony,グラトニー
Crystal Vault,水晶の保管庫
Greedtrap,グリードトラップ
Wildwrap,ワイルドラップ
Sunspite,サンスパイト
Windshriek,ウィンドシュリーク
Duskblight,ダスクブライト
Meginord's Vigour,メギノルドの精力
Doedre's Malevolence,ドードゥリの悪意
Frostferno,フロストフェルノ
Timetwist,タイムツイスト
Atziri's Reflection,アッツィリの鏡像
Panquetzaliztli,パンケツァリズリ
Mirebough,マイアバウ
The Stormwall,ストームウォール
Fox's Fortune,狐の幸運
Asenath's Chant,アセナスの詠唱
Honourhold,オナーホールド
Malachai's Awakening,マラカイの覚醒
Sidhebite,シバイト
The Effigon,エフィゴン
The Tactician,戦術家
The Nomad,遊牧民の首領
Winterweave,ウィンターウィーヴ
Hyrri's Demise,ハイリの崩御
Dreadsurge,ドレッドサージ
Sanguine Gambol,陽気な大はしゃぎ
Geofri's Devotion,ジェフリの信仰心
Cameria's Avarice,カミリアの貪欲
Dreadbeak,ドレッドビーク
The Dancing Duo,デュオの舞
Corona Solaris,コロナ・ソラリス
The Iron Fortress,鉄の要塞
Chains of Command,命令の鎖
Architect's Hand,アーキテクトの手
Slavedriver's Hand,奴隷監督の手
Mask of the Spirit Drinker,魂を飲む者の仮面
Mask of the Stitched Demon,縫合されし悪魔の仮面
Apep's Slumber,アペプの微睡
Apep's Supremacy,アペプの優越性
Shadowstitch,シャドウステッチ
Sacrificial Heart,生贄の心臓
Zerphi's Heart,ゼルフィの心臓
Tempered Flesh,鍛えられた肉体
Tempered Spirit,鍛えられた魂
Tempered Mind,鍛えられた精神
Transcendent Flesh,超越した肉体
Transcendent Spirit,超越した魂
Transcendent Mind,超越した精神
Soul Catcher,ソウル・キャッチャー
Soul Ripper,ソウル・リッパー
String of Servitude,隷属の紐
Dance of the Offered,捧げられた者の踊り
Omeyocan,オメヨカン
Coward's Chains,臆病者の鎖
Coward's Legacy,臆病者の遺産
Story of the Vaal,ヴァールの物語
Fate of the Vaal,ヴァールの運命
Zeel's Amplifier,ズィールのアンプリファイアー
Earendel's Embrace,イアレンデルの抱擁
Replica Earendel's Embrace,イアレンデルの抱擁 (レプリカ )
Combat Focus,コンバット・フォーカス
Malachai's Brilliance,マラカイの光輝
Unnatural Instinct,不自然な本能
Lawbreaker,ローブレイカー
Mark of Submission,服従の紋章
The Grey Spire,灰色の尖塔
The Primordial Chain,原初の鎖
Vixen's Entrapment,ヴィクセンの罠
The Eternal Apple,永遠の林檎
Perquil's Toe,パーキルの足指
Demon Stitcher,デーモン・ステッチャー
Command of the Pit,炭坑の命令
Curtain Call,カーテンコール
Cerberus Limb,ケルベロスの肢
Hale Negator,ヘール・ネゲーター
Crown of the Tyrant,暴君の王冠
Ahkeli's Mountain,アーケリの山
Ahkeli's Meadow,アーケリの草地
Ahkeli's Valley,アーケリの谷
Uzaza's Mountain,ウザザの山
Uzaza's Meadow,ウザザの草地
Uzaza's Valley,ウザザの谷
Putembo's Mountain,プテンボの山
Putembo's Meadow,プテンボの草地
Putembo's Valley,プテンボの谷
Precursor's Emblem,先人の紋章
Aul's Uprising,アウルの反乱
Chaber Cairn,チェバー・ケアン
Ullr's Advent,ウルルの出現
Geofri's Legacy,ジェフリの遺産
Unearth Threshold,アンアースの発端
Toxic Vapours,毒性の蒸気
Waycarver,ウェイカーヴァー
Worldcarver,ワールドカーヴァー
Farsight,ファーサイト
Flamesight,フレイムサイト
Galesight,ゲイルサイト
Thundersight,サンダーサイト
The Eternity Shroud,永遠の覆い
Replica Eternity Shroud,永遠の覆い (レプリカ )
Solstice Vigil,ソルスティス・ヴィジル
Vivinsect,ヴィヴィンセクト
The Crimson Storm,深紅の嵐
Paradoxica,パラドクシカ
Replica Paradoxica,パラドクシカ (レプリカ )
Hyperboreus,ハイパーボリアス
The Queen's Hunger,女王の飢え
Cinderswallow Urn,シンダースワローの壺
The Devouring Diadem,むさぼり食う王冠
Bitterbind Point,ビターバインド・ポイント
Whakatutuki o Matua,ファカツツキ・オ・マトゥア
Nebulis,ネビュリス
Replica Nebulis,ネビュリス (レプリカ )
Bottled Faith,瓶詰めの信仰
Offering to the Serpent,蛇への捧げ物
Garb of the Ephemeral,儚い者の服
Storm's Gift,嵐の恩恵
Mask of the Tribunal,審判所の仮面
Circle of Anguish,苦悩の輪
Circle of Fear,恐怖の輪
Circle of Regret,悔恨の輪
Circle of Nostalgia,郷愁の輪
Circle of Guilt,自責の輪
Hyrri's Truth,ハイリの真実
Replica Hyrri's Truth,ハイリの真実 (レプリカ )
Perepiteia,ペレペティア
March of the Legion,軍団の行進
Maloney's Mechanism,マローニーの機械
Replica Maloney's Mechanism,マローニーの機械 (レプリカ )
Aukuna's Will,アウクナの意志
Maw of Conquest,征服の口
Tavukai,タヴカイ
Fractal Thoughts,フラクタル的思考
Reliquary of the Apex,生贄にされた者の贈り物
Reliquary of the Abyss,赤き女王の贈り物
Demigod's Immortality,半神の永生
Wreath of Phrecia,フリシアの花冠
Sign of the Sin Eater,シンイーターの印
Glorious Vanity,栄光ある虚栄心
Lethal Pride,致命的な自尊心
Brutal Restraint,残忍な自制心
Militant Faith,戦闘的な信仰心
Elegant Hubris,上品な慢心
Divide and Conquer,煮え滾る憤激
Altered Distant Memory,改変された遠い記憶
Augmented Distant Memory,増幅された遠い記憶
Twisted Distant Memory,歪められた遠い記憶
Rewritten Distant Memory,書き換えられた遠い記憶
Cortex,コーテクス
Replica Cortex,コーテクス (レプリカ )
Triad Grip,トライアドの握り
Venopuncture,ヴェノパンクチャー
Icefang Orbit,アイスファングの軌道
Rotting Legion,朽ちた軍団
Badge of the Brotherhood,一党の記章
Siegebreaker,シージブレイカー
Replica Siegebreaker,シージブレイカー (レプリカ )
Torchoak Step,トーチオークの足取り
Machina Mitts,マキナ・ミット
Fortress Covenant,城塞の盟約
Quickening Covenant,加速の盟約
Cold Iron Point,冷鉄の剣先
Replica Cold Iron Point,冷鉄の剣先 (レプリカ )
The Stampede,群れの暴走
Replica Stampede,群れの暴走 (レプリカ )
Cowl of the Thermophile,親熱のカウル
Cowl of the Cryophile,親冷のカウル
Cowl of the Ceraunophile,親雷のカウル
Breathstealer,息を盗む者
Sporeguard,スポアガード
The Jinxed Juju,呪われた呪物
Fury Valve,怒りのバルブ
Crown of the Inward Eye,内を見る目の冠
The Ivory Tower,象牙の塔
The Unleashed,解き放たれし者
Decree of Loyalty,忠誠の布告
Manastorm,マナストーム
Leash of Oblation,捧げものの紐
Mistwall,ミストウォール
Replica Mistwall,ミストウォール (レプリカ )
Painseeker,ペインシーカー
The Black Cane,黒の杖
Hands of the High Templar,ハイテンプラーの手
The Warlord's Annex,将軍の別館
Mother's Embrace,母の抱擁
Warrior's Legacy,戦士の遺産
Astral Projector,アストラル・プロジェクター
The Saviour,救世主
Willowgift,ウィローギフト
Thread of Hope,希望の糸
Eye of Malice,悪意の目
Terror,恐怖
Stalwart Defenders,強固な防衛者
Misinformation,ミスインフォメーション
Irresistable Temptation,抗い難い誘惑
Territories Unknown,未知の領域
War Among the Stars,星々の戦い
Booming Populace,轟く民衆
Algor Mortis,死冷
Perfidy,背信行為
Assailum,アセイラム
Profane Proxy,不敬な代用品
Kitava's Teachings,キタヴァの教え
Calamitous Visions,破滅の展望
Natural Affinity,自然との親和
The Interrogation,尋問
The Siege,包囲攻撃
Child of Violence,暴力の申し子
The Front Line,フロントライン
One With Nothing,持たざる者
Voices,ボイス
Megalomaniac,メガロマニアック
Split Personality,分裂した人格
Beacon of Madness,狂気ののろし
Usurper's Penance,僭主の懺悔
Storm Secret,嵐の秘密
[UNUSED Magnetic Ward,UNUSED Magnetic Ward
Abhorrent Interrogation,悍ましき尋問
Horror's Flight,恐怖の飛翔
Doryani's Prototype,ドリヤニの試作品
Forbidden Shako,禁断のシャコー帽
Replica Forbidden Shako,禁断のシャコー帽 (レプリカ )
Great Old One's Tentacles,グレート・オールド・ワンの触手
Scorpion's Call,蠍の呼び声
Fleshcrafter,フレッシュクラフター
Emperor’s Vigilance,皇帝の警戒
Retaliation Charm,報復のお守り
Law of the Wilds,野生の掟
Witchhunter’s Judgment,魔女狩りの審判
The Torrent's Reclamation,奔流の再生
The Shattered Divinity,砕けた神性
The Tempest's Liberation,暴風雨の解放
The Surging Thoughts,湧き上がる思考
The Yielding Mortality,屈服する死
The Immortal Will,不滅の意思
The Felbog Fang,フェルボグの牙
Plume of Pursuit,追跡の羽根飾り
Bear's Girdle,熊のベルト
Infused Beachhead,強化された侵攻拠点
The Iron Mass,鉄の塊
Expedition's End,遠征の終わり
The Ephemeral Bond,刹那の繋がり
Corpsewalker,コープスウォーカー
Mercenary’s Lot,傭兵の領分
Chains of Emancipation,解放の鎖
Actum,アクトゥム
Maw of Mischief,悪戯の口
The Druggery,密売人
Endless Misery,終わりなき悲しみ
The Highwayman,追い剥ぎ
Fated End,定められし終焉
The Hidden Blade,隠れた刃
The Admiral,提督
Blunderbore,ブランダーボア
Crest of Desire,欲望の紋章
The Fulcrum,フルクラム
Willclash,ウィルクラッシュ
Font of Thunder,雷の源
Contract: Jamanra's Rest,依頼書：ジャマンラの休息
Contract: Breaking the Unbreakable,依頼書：破壊しえない機械を破壊せよ
Contract: Heart of Glory,依頼書：栄光の心
Contract: The Slaver King,依頼書：奴隷商人の王
Contract: Death to Darnaw,依頼書：ダルノーに死を
Contract: The Twins,依頼書：双子
Lord of Steel,鋼の支配者
Apex Mode,最高の状態
Nadir Mode,最悪の状態
Shattershard,砕けた破片
The Ghastly Theatre,不気味な劇場
Eyes of the Runefather,ルーンファザーの眼
The Fledgling,駆け出し
Pyroshock Clasp,パイロショック・クラスプ
Leadership’s Price,指導者の対価
Qotra's Regulator,クォトラの調整器
Blackflame,ブラックフレイム
Hand of the Fervent,熱烈なる手
Survivor's Guilt,生存者の自責
Viridi's Veil,ヴィリディのベール
Goblinedge,ゴブリンエッジ
Doppelgänger Guise,ドッペルゲンガーの装い
Arn's Anguish,アーンの苦痛
Olesya's Delight,オリーシャの歓喜
Graven's Secret,グレイヴンの秘密
Rotblood Promise,腐りし血の誓約
Ancient Skull,古代の頭骨
Legacy of Fury,怒りの遺産
Demigod's Authority,半神の権威
The Walls,ザ・ウォール
The Claim,ザ・クレイム
The Builder,ザ・ビルダー
The Vast Horizon,広大な地平
The Closest Peak,最も近い丘
Restless Cycles,弛まぬ循環
The False Hope,偽りの希望
Atop the Atlas,アトラスの頂上
Mahuxotl's Machination,マフゾトールの陰謀
Hateforge,ヘイトフォージ
Yaomac's Accord,ヤオマクの調和
Temptation Step,テンプテーション・ステップ
Glimpse of Chaos,混沌の片鱗
Relic of the Pact,盟約の遺物
Atziri's Rule,アッツィリの統治
Atziri's Contempt,アッツィリの軽蔑
Triumvirate Authority,三執政の権威
The Raven's Flock,カラスの群れ
The Unborn Lich,産まれ出でぬリッチ
Tecrod's Gaze,テクロッドの凝視
Ulaman's Gaze,ウルマンの凝視
Kurgal's Gaze,クルガルの凝視
Amanamu's Gaze,アマナムの凝視
Steelworm,スティールワーム
The Scales of Justice,正義の天秤
Nightgrip,ナイトグリップ
Medved's Challenge,メドヴェドの挑戦
Faithguard,フェイスガード
Cadigan's Crown,カディガンの冠
Vorana's March,ヴォラナの行進
Olroth's Charge,オルロスの突撃
Olroth's Resolve,オルロスの決意
Starlight Chalice,星明りの聖杯
Elixir of the Unbroken Circle,途切れぬ輪の秘薬
Vorana's Preparation,ヴォラナの調合薬
Gravebind,グレーヴバインド
Stranglegasp,ストレングルガスプ
Mageblood,メイジブラッド
Stasis Prison,静止の監獄
Uul-Netol's Vow,ウール・ネトルの誓い
The Squire,スクワイア
The Oppressor,圧制者
Melding of the Flesh,肉体の融合
Dissolution of the Flesh,肉体の溶解
Crystallised Omniscience,全知の結晶
Ashes of the Stars,星の灰
The Annihilating Light,殲滅の光
The Gluttonous Tide,暴食の潮
Black Zenith,黒い天頂
Sudden Dawn,急な黎明
Polaric Devastation,対極の荒廃
Ceaseless Feast,絶え間のないご馳走
Inextricable Fate,逃れられない運命
Dawnbreaker,ドーンブレイカー
Forbidden Flame,禁じられた炎
Forbidden Flesh,禁じられた肉体
Divine Inferno,神聖な大火
The Burden of Truth,真実の重荷
Echoes of Creation,創造の残響
Decree of Acuity,鋭敏の布告
The Eternal Struggle,終わりなき苦闘
Call of the Void,虚空の呼び声
Impossible Escape,不可能な逃避
Sublime Vision,卓越した構想
Kaom's Spirit,カオムの霊魂
The Tower of Ordeals,試練の塔
Soul Ascension,魂の昇天
Dawnstrider,ドーンストライダー
Victorious Fate,勝利の運命
Deadly Fate,最期
Will of Chaos,混沌の意志
Ignominious Fate,恥ずべき運命
Ghostwrithe,ゴーストライズ
Thrillsteel,スリルスティール
Elevore,エレボアー
Annihilation's Approach,迫りくる破滅
The Poised Prism,ポイズドプリズム
Kalandra's Touch,カランドラの接触
Progenesis,プロジェネシス
Rational Doctrine,理性的な教義
Nimis,ニミス
Entropic Devastation,エントロピーの荒廃
Oriath's End,オリアスの終焉
Eternal Damnation,永遠の破滅
Wilma's Requital,ウィルマの返礼
Firesong,ファイヤーソング
Stormshroud,ストームシュラウド
Immutable Force,不変の力
The Winds of Fate,運命の風
Anathema,アナセマ
Doedre's Tongue,ドードゥリの舌
Witchbane,ウィッチベイン
Echoforge,エコーフォージ
The Balance of Terror,恐怖のバランス
Sandstorm Visage,砂嵐の容貌
The Hour of Divinity,神性の時間
The Peacemaker's Draught,調停者の杯
The Desperate Alliance,必死の同盟
The Changing Seasons,移りゆく季節
The Remembered Tales,記憶された物語
The Burden of Leadership,指導者の重荷
The Last Flame,最後の炎
Original Sin,原罪
The Blood of Innocence,イノセンスの血
The Chains of Castigation,懲罰の鎖
The Power and the Promise,権力と誓約
Blood Price,血の対価
Tainted Pact,汚染された契約
Ancestral Vision,先祖の未来像
Stormseeker,ストームシーカー
Widowhail,ウィドウヘイル
Chain of Endurance,忍耐の鎖
Tanu Ahi,タヌ・アヒ
Orbala's Stand,オルバラの抵抗
Bloodnotch,ブラッドノッチ
The Fourth Vow,4度目の誓い
Soulbound,ソウルバウンド
Bloodsoaked Medallion,血塗れのメダリオン
Ceinture of Benevolence,慈悲の帯
El'Abin's Visage,エルアビンの容貌
The Geomantic Gyre,ジオマンティックジャイア
The Redblade,レッドブレード
Winter's Bite,冬の牙
Daevata's Wind,ダイヴァータの風
The Endless Night,常夜
Oaksworn,楢の誓い
Greymake,グレイメイク
Bramblesiege,茨の包囲
Bluetongue,青い舌
The Black Doubt,黒い疑念
Perandus' Cure-all,ペランダスの万能薬
Candlemaker,キャンドルメーカー
Infernoclasp,地獄の留め金
Deathrattle,死前喘鳴
The Barrow Dweller,古墳の住人
Serpent's Lesson,蛇の学習
Blackbraid,黒い組紐
The Dark Defiler,闇の冒涜者
Skysliver,スカイシルバー
Doomgate,破滅の門
The Knight-errant,放浪騎士
Bristleboar,毛深い猪
Splinter of Loratta,ロラッタの破片
Shadowstalk,シャドウストーク
Mask of the Sanguimancer,操血術師の仮面
Alkem Eira,アルケム・エイラ
Guiding Palm,導きの掌
Guiding Palm of the Heart,心の導きの掌
Guiding Palm of the Mind,精神の導きの掌
Guiding Palm of the Eye,目の導きの掌
Palm of the Dreamer,夢見人の掌
Sylvan's Effigy,シルヴァンの人形
Killjoy,キルジョイ
Coat of Red,赤のコート
Painter's Servant,画家の従者
Thunderstep,サンダーステップ
Gloomform,暗がりの姿
Tangletongue,タングルタン
Innsmouth,インスマス
Crown of the Victor,勝者の冠
Wandering Reliquary,彷徨う遺物箱
Dustbloom,ダストブルーム
Pariah's Embrace,パーリアの抱擁
Quatl's Molt,クアトルの換羽
Fear of the Embrace,抱擁の恐怖
The Sunken Vessel,沈没船
The Dancing Mirage,舞う蜃気楼
Radiant Grief,輝く嘆き
Bitterbloom,ビターブルーム
Sands of Silk,絹の砂
Sierran Inheritance,シエラの遺産
The Smiling Knight,微笑む騎士
Dionadair,ディオナデア
Bronzebeard,青銅の髭
Edyrn's Tusks,エディルンの牙
Prayers for Rain,雨乞い
The Immortan,道の戦士
Apron of Emiran,エミレの前掛け
Legionstride,リージョンストライド
Visage of Ayah,アーヤの容貌
Necromantle,ネクロマントル
Briarpatch,ブライアパッチ
Corpsewade,コープスウェード
Timberwolf,シンリンオオカミ
Forbidden Gaze,禁断の眼差し
Gamblesprint,ギャンブルスプリント
Ironride,アイアンライド
Treefingers,ツリーフィンガーズ
Horns of Bynden,ビンデンの角笛
Wings of Caelyn,ケイリンの翼
Northpaw,北の脚
Zerphi's Serape,ゼルフィのセラーペ
Plaguefinger,疫病の指
Trampletoe,踏みつぶす爪先
Atsak's Sight,アツァクの視野
Garuk's Current,ガルクの気流
Atziri's Disdain,アッツィリの軽蔑
The Vile Knight,卑劣な騎士
Gravis Grimace,重々しい渋面
Corona of the Red Sun,赤き太陽のコロナ
The Deepest Tower,最深の塔
Nightscale,ナイトスケール
Golden Atonement,黄金の贖罪
Myris Uxor,ミリスの細君
Fidelio,フィデリオ
Bushwhack,ブッシュワック
Irongrasp,アイアングラスプ
Titanrot Cataphract,タイタンロットのカタフラクト
The Hollow Mask,虚ろの仮面
Enfolding Dawn,包み込む夜明け
Husk of Dreams,白昼夢
Blueflame Bracers,蒼炎の籠手
Benedictus Domini,主の祝福
Tetzlapokal's Desire,テツラポカルの欲望
Dreadfist,ドレッドフィスト
Jarngreipr,ヤールングレイプル
Widow's Reign,未亡人の統治
The Mutable Star,通変星
Cornathaum,コーナサウム
Grip of Winter,冬の掌握
Idle Hands,暇人の手
Deathblow,デスブロー
Morior Invictus,不屈なる者として死す
Solus Ipse,唯我
Sine Aequo,不平等
Sacred Flame,聖なる炎
Ab Aeterno,永遠から
Temporalis,テンポラリス
Mageguard,メイジガード
Herald of Wraeclast,レイクラストの先触れ
Waveshaper,ウェーブシェイパー
Brynabas,バーナバス
Shankgonne,シャンクゴンヌ
Wings of Vastiri,ヴァスティリの翼
Calgyra's Arc,カルジャイラの弧
Sunsplinter,サンスプリンター
Luminous Pace,輝かしい歩調
Wulfsbane,ウルフスベイン
Erian's Cobble,エリアンの玉石
Arvil's Wheel,アルヴィルの車輪
Bloodbarrier,血の関門
The Wailing Wall,嘆きの壁
Crest of Ardura,アードゥラの紋章
Merit of Service,奉仕の真価
Dunkelhalt,ダンケルハルト
Brynhand's Mark,ブリンハンドの印
Wylund's Stake,ワイランドの褒美
The Sentry,哨兵
Window to Paradise,楽園への窓
Shyaba,シャバ
Heartseeker,ハートシーカー
Feathered Fortress,羽根付き要塞
Hoghunt,豚狩り
Font of Power,力の源泉
Rondel de Ezo,ロンデル・デ・エゾ
Silverthorne,シルバーソーン
Sibling Rivalry,兄弟対立
Splinterheart,スプリンターハート
Redflare Conduit,緋炎の導管
The Black Insignia,黒の記章
Threaded Light,光の糸
Midnight Braid,真夜中の組紐
Spirit Link,魂の絆
Aerisvane's Wings,エーリスヴェインの翼
Falling Snow,フォーリング・スノウ
Dusk Vigil,夕闇の番
The Velvet Orchestra,ベルベット・オーケストラ
Couture of Crimson,紅のクチュール
Keelhaul,竜骨くぐり
Birthright Buckle,遺産のバックル
Seeing Stars,見つめる星
Obern's Bastion,オバーンの砦
Valako's Vice,ヴァラコの悪心
Ravenous Passion,飢えた情熱
Vestige of Darkness,闇の痕跡
Gloamgown,グロームガウン
Nocturne,夜想曲
Pulpit Pulper,演壇潰し
Trephina,トレフィナ
Fairgraves' Curse,フェアグレーヴスの呪い
Perandus Seal,ペランダスの印鑑指輪
Defiance of Destiny,運命への反抗
The Flawed Refuge,至らぬ避難所
Rhea's Rhythm,レアのリズム
Carrion Call,死体の呼び声
The Eternal Spark,永遠の火花
Powertread,パワートレッド
Shavronne's Satchel,シャヴロンの鞄
Waistgate,ウェイストゲート
Cat O' Nine Tails,九尾の猫
Bijouborne,ビジューボーン
Silverpoint,シルバーポイント
Goregirdle,ゴアガードル
Circle of Protection,防御円
Effigy of Cruelty,残酷の人型
Cracklecreep,クラックルクリープ
Matsya,マーツヤ
The Empty Roar,虚ろな咆哮
Rampart Raptor,城壁の略奪者
Sanguine Diviner,血の占い棒
Rod of Enervation,脱力の杖
Enezun's Charge,エネズンの突撃
Mist Whisper,霧の囁き
The Wicked Quill,邪悪な針
Trenchtimbre,トレンチティンバー
Sculpted Suffering,彫刻されし苦痛
Grimgrasp,グリムグラスプ
Ironbound,アイアンバウンド
Earthbound,アースバウンド
Wax and Wane,満干
Birth of Fury,怒りの誕生
Prized Pain,尊ばれし苦痛
Glowswarm,グロウスウォーム
Seed of Cataclysm,災厄の種子
Blistering Bond,焼け付く絆
Polcirkeln,プールシルケルン
Whisper of the Brotherhood,一党の囁き
Levinstone,レヴィンストーン
The Burrower,潜る者
Vigilant View,警戒の目
Evergrasping Ring,貪欲の指輪
Victario's Study,ヴィクタリオの研究
Nighthowl,ナイトハウル
Nazir's Judgement,ナズィルの審判
Goldshaper,ゴールドシェイパー
Constricting Command,締め付ける命令
Idol of Uldurn,ウルダーンの偶像
The Everlasting Gaze,不朽の眼差し
Surefooted Sigil,確かな足取りの印章
Ligurium Talisman,リグリウムの魔除け
Rondel of Fragility,脆弱のロンデル
Fixation of Yix,イクスの凝視
Beacon of Azis,アジスの標
Fireflower,ファイアフラワー
Serpent's Egg,蛇の卵
Revered Resin,敬われし樹脂
Igniferis,イグニフェリス
The Adorned,飾り立てられしもの
Zerphi's Genesis,ゼルフィの誕生
Blessed Bonds,祝福されし絆
Sekhema's Resolve Fire,サフリンの決意
Sekhema's Resolve Cold,エシュテラの道
Sekhema's Resolve Lightning,ザイダの長寿
Svalinn,スヴァリン
Keeper of the Arc,弧の守りて
Olrovasara,オルロヴァサラ
The Burden of Shadows,影の重荷
Pragmatism,プラグマティズム
Melting Maelstrom,溶解する大渦
Collapsing Horizon,崩壊する地平線
Beyond Reach,手の届かぬ所
The Fallen Formation,堕ちたる陣形
The Hammer of Faith,信仰の鎚
Strike of Inspiration,一瞬の閃き
Chainsting,チェインスティング
Spire of Ire,怒りの柱
Adonia's Ego,アドニアのエゴ
Saitha's Spear,サイザの槍
Napuatzi's Bite,ナプアッツィの牙
Rhoa Reaver,ロアリーヴァー
Tale of the Tempest,嵐の物語
Tyranny's Grip,圧政の手
Murkshaft,マークシャフト
The Lethal Draw,致死の一矢
Sacrosanctum,サクロサンクタム
Silks of Veneration,畏敬の衣
The Prisoner's Manacles,囚人の枷
Black Vise,黒の万力
Paleshade,ペールシェイド
The Last Lament,最後の悲しみ
Double Vision,複視
Seastrider,シーストライダー
The Celestial Brace,天の支え
Leopold's Applause,レオポルドの拍手
Demon's Lantern,悪魔のランタン
Pauper's Path,貧民の道
The Tempest Rising,高まる嵐
Decree of Flight,飛翔の布告
Sorrowshroud,ソロウシュラウド
Kiloava's Bluster,キロアヴァの恫喝
Cursecarver,呪い刻み
Windpiercer,ウィンドピアサー
The Gnashing Sash,歯を鳴らす帯
Bursting Decay,溢れる腐敗
Death Articulated,明確な死
Demigod's Virtue,半神の美徳
Demigod's Duty,半神の義務
Demigod's Loyalty,半神の忠誠
Demigod's Valor,半神の勇気
Demigod's Fortitude,半神の頑健
Demigod's Judgement,半神の審判
INCOMPLETE,未完
Amor Mandragora,マンドラゴラの愛
Spiteful Floret,悪意の小花
Hysseg's Claw,ヒッセグの爪
The Flesh Poppet,肉の呪い人形
Surge of the Tide,潮の奔流
Fury of the King,王の怒り
Heroic Tragedy,英雄の悲劇
Against the Darkness,闇との対立
Beetlebite,ビートルバイト
Ingenuity,創造力
Prism of Belief,信仰のプリズム
From Nothing,虚空より来たる
Controlled Metamorphosis,制御された変質
Strugglescream,ストラグルスクリーム
Twilight Order Relic,黄昏の教団の箱
Ixchel's Torment,イシュチェルの苦痛
Ogham's Legacy,オガムの遺産
Ventor's Contraption,ヴェンターの装置
The Rain Festival Beetle,雨祭りの甲虫
Beira's Anguish,ベイラの苦悶
Forgotten By Time,時に忘れられし物
The Grand Project,偉大なる計画
Ngamahu's Chosen,ナマフに選ばれしもの
The Fall of the Axe,斧の一振り
Cruel Hegemony,残酷な支配
Clear Skies,開けた空
Freedom of Faith,信仰の自由
Season of the Hunt,狩りの季節
Rite of Passage,通過儀礼
Wraeclast Besieged,包囲されたレイクラスト
Visions of Paradise,楽園の幻視
Sanguis Heroum,サングイス・ヘロウム
Arakaali's Gift,アラカーリの贈り物
Breath of the Mountains,山の息吹
Valako's Roar,ヴァラコの雄叫び
Forsaken Bangle,見捨てられしバングル
Nascent Hope,希望の芽吹き
The Black Cat,黒猫
For Utopia,楽園のために
The Ordained,選ばれし者
Twisted Empyrean,歪んだ天空
Periphery,周縁
Sadist's Mercy,サディストの慈悲
Unnatural Evolution,自然のものではない進化
Great Serpent's Bane,大蛇殺し
Duality,二面性
Cadiro's Gambit,カディロの賭け
Grip of Kulemak,クーラマクの掌握
Veilpiercer,ヴェイルピアサー
Gatecrasher,ゲートクラッシャー
Ngamahu's Call,DNT Ngamahu's Call
Nightmare Shell,DNT Nightmare Shell
Perilous Pendulum,DNT  Perilous Pendulum
Depthcharge,DNT Depthcharge
The Towering Shadow,DNT The Towering Shadow
Tawhoa's Felling,タウホアの伐採
Undying Hate,不死の憎しみ
Serle's Grit,サールの気骨
Highborn Lowlander,DNT Highborn Lowlander
Heart of the Well,井戸の心臓
Flesh Crucible,肉のるつぼ
DNT AbyssExileMarauder1,DNT-UNUSED Todo
AbyssExileWarrior1,リッチボーン、タウア
AbyssExileWarrior2,リッチボーン、ラオク
AbyssExileRanger1,リッチボーン、ブロナック
AbyssExileRanger2,リッチボーン、アドリエンヌ
AbyssExileHuntress1,リッチボーン、ニシャ
AbyssExileHuntress2,リッチボーン、イゼル
AbyssExileWitch1,リッチボーン、ヴァサ
AbyssExileWitch2,リッチボーン、シアラ
AbyssExileSorceress1,リッチボーン、ニャッサ
AbyssExileSorceress2,リッチボーン、へスペリア
DNT AbyssExileDuelist1,DNT-UNUSED Todo
AbyssExileMercenary1,リッチボーン、ウルフレッド
AbyssExileMercenary2,リッチボーン、ドルーシアン
DNT AbyssExileTemplar1,DNT-UNUSED Todo
DNT AbyssExileDruid1,DNT-UNUSED Todo
DNT AbyssExileShadow1,DNT-UNUSED Todo
AbyssExileMonk1,リッチボーン、ソンダー
AbyssExileMonk2,リッチボーン、ドラン
The Watcher in the Dark,闇に潜む監視者
Ervig's Cane,エルヴィグの杖
Unforeseen Consequences,予期せぬ結果
Sanson's Pillars,DNT Sanson's Pillars
Redemption,贖罪
Mastered Domain,熟達した領域
Legacy of the Order,結社の遺産
